{"cameraMode":{"drawMode":0,"name":"Shaded","section":"Shading Mode"},"sceneLighting":true,"audioPlay":false,"sceneViewState":{"m_AlwaysRefresh":false,"showFog":true,"showSkybox":true,"showFlares":true,"showImageEffects":true,"showParticleSystems":true,"showVisualEffectGraphs":true,"m_FxEnabled":true},"in2DMode":false,"pivot":{"x":-10.932615280151368,"y":6.089051246643066,"z":13.92068099975586},"rotation":{"x":0.24132651090621949,"y":0.17419597506523133,"z":-0.043971385806798938,"w":0.953737735748291},"size":47.32516098022461,"orthographic":false}