{"cameraMode":{"drawMode":0,"name":"Shaded","section":"Shading Mode"},"sceneLighting":false,"audioPlay":false,"sceneViewState":{"m_AlwaysRefresh":false,"showFog":true,"showSkybox":false,"showFlares":true,"showImageEffects":true,"showParticleSystems":true,"showVisualEffectGraphs":true,"m_FxEnabled":true},"in2DMode":false,"pivot":{"x":-5.099625587463379,"y":0.14935502409934998,"z":1.2499598264694214},"rotation":{"x":0.03946075960993767,"y":-0.3583979904651642,"z":0.015241485089063645,"w":0.9326785206794739},"size":0.36742347478866579,"orthographic":false}